{
  "BeanShell Sampler" : {
    "transaction" : "BeanShell Sampler",
    "sampleCount" : 3,
    "errorCount" : 0,
    "errorPct" : 0.0,
    "meanResTime" : 7.0,
    "medianResTime" : 4.0,
    "minResTime" : 3.0,
    "maxResTime" : 14.0,
    "pct1ResTime" : 14.0,
    "pct2ResTime" : 14.0,
    "pct3ResTime" : 14.0,
    "throughput" : 4.615384615384616,
    "receivedKBytesPerSec" : 0.0,
    "sentKBytesPerSec" : 0.0
  },
  "external devices" : {
    "transaction" : "external devices",
    "sampleCount" : 3,
    "errorCount" : 0,
    "errorPct" : 0.0,
    "meanResTime" : 6322.666666666667,
    "medianResTime" : 6302.0,
    "minResTime" : 6231.0,
    "maxResTime" : 6435.0,
    "pct1ResTime" : 6435.0,
    "pct2ResTime" : 6435.0,
    "pct3ResTime" : 6435.0,
    "throughput" : 0.4604051565377532,
    "receivedKBytesPerSec" : 0.2297529638581952,
    "sentKBytesPerSec" : 0.20502417127071823
  },
  "get-employer/solera" : {
    "transaction" : "get-employer/solera",
    "sampleCount" : 3,
    "errorCount" : 0,
    "errorPct" : 0.0,
    "meanResTime" : 2601.6666666666665,
    "medianResTime" : 2477.0,
    "minResTime" : 2461.0,
    "maxResTime" : 2867.0,
    "pct1ResTime" : 2867.0,
    "pct2ResTime" : 2867.0,
    "pct3ResTime" : 2867.0,
    "throughput" : 0.9637006103437199,
    "receivedKBytesPerSec" : 7.869594241888853,
    "sentKBytesPerSec" : 0.1449315371024735
  },
  "check-eligibility" : {
    "transaction" : "check-eligibility",
    "sampleCount" : 3,
    "errorCount" : 3,
    "errorPct" : 100.0,
    "meanResTime" : 29344.666666666668,
    "medianResTime" : 29343.0,
    "minResTime" : 29341.0,
    "maxResTime" : 29350.0,
    "pct1ResTime" : 29350.0,
    "pct2ResTime" : 29350.0,
    "pct3ResTime" : 29350.0,
    "throughput" : 0.10172939979654119,
    "receivedKBytesPerSec" : 0.050765354781281795,
    "sentKBytesPerSec" : 0.08285382756866735
  },
  "create-order" : {
    "transaction" : "create-order",
    "sampleCount" : 3,
    "errorCount" : 0,
    "errorPct" : 0.0,
    "meanResTime" : 472.6666666666667,
    "medianResTime" : 482.0,
    "minResTime" : 399.0,
    "maxResTime" : 537.0,
    "pct1ResTime" : 537.0,
    "pct2ResTime" : 537.0,
    "pct3ResTime" : 537.0,
    "throughput" : 4.385964912280701,
    "receivedKBytesPerSec" : 2.5356359649122804,
    "sentKBytesPerSec" : 47.49177631578947
  },
  "Total" : {
    "transaction" : "Total",
    "sampleCount" : 24,
    "errorCount" : 3,
    "errorPct" : 12.5,
    "meanResTime" : 5503.416666666666,
    "medianResTime" : 1848.5,
    "minResTime" : 3.0,
    "maxResTime" : 29350.0,
    "pct1ResTime" : 29342.0,
    "pct2ResTime" : 29348.25,
    "pct3ResTime" : 29350.0,
    "throughput" : 0.5272060277222503,
    "receivedKBytesPerSec" : 0.7556705538958328,
    "sentKBytesPerSec" : 0.8992492462601321
  },
  "Create users" : {
    "transaction" : "Create users",
    "sampleCount" : 3,
    "errorCount" : 0,
    "errorPct" : 0.0,
    "meanResTime" : 4024.6666666666665,
    "medianResTime" : 4048.0,
    "minResTime" : 3760.0,
    "maxResTime" : 4266.0,
    "pct1ResTime" : 4266.0,
    "pct2ResTime" : 4266.0,
    "pct3ResTime" : 4266.0,
    "throughput" : 0.696217219772569,
    "receivedKBytesPerSec" : 0.15501711533998608,
    "sentKBytesPerSec" : 0.5670362903225806
  },
  "get-solera-user/lookupkey" : {
    "transaction" : "get-solera-user/lookupkey",
    "sampleCount" : 3,
    "errorCount" : 0,
    "errorPct" : 0.0,
    "meanResTime" : 702.3333333333334,
    "medianResTime" : 741.0,
    "minResTime" : 600.0,
    "maxResTime" : 766.0,
    "pct1ResTime" : 766.0,
    "pct2ResTime" : 766.0,
    "pct3ResTime" : 766.0,
    "throughput" : 3.278688524590164,
    "receivedKBytesPerSec" : 3.243468237704918,
    "sentKBytesPerSec" : 0.5859375
  },
  "BP" : {
    "transaction" : "BP",
    "sampleCount" : 3,
    "errorCount" : 0,
    "errorPct" : 0.0,
    "meanResTime" : 551.6666666666667,
    "medianResTime" : 210.0,
    "minResTime" : 209.0,
    "maxResTime" : 1236.0,
    "pct1ResTime" : 1236.0,
    "pct2ResTime" : 1236.0,
    "pct3ResTime" : 1236.0,
    "throughput" : 2.277904328018223,
    "receivedKBytesPerSec" : 1.1678708712984056,
    "sentKBytesPerSec" : 0.9431947608200456
  }
}