{
  "BeanShell Sampler" : {
    "transaction" : "BeanShell Sampler",
    "sampleCount" : 10,
    "errorCount" : 0,
    "errorPct" : 0.0,
    "meanResTime" : 7.8,
    "medianResTime" : 3.5,
    "minResTime" : 2.0,
    "maxResTime" : 39.0,
    "pct1ResTime" : 36.10000000000001,
    "pct2ResTime" : 39.0,
    "pct3ResTime" : 39.0,
    "throughput" : 11.11111111111111,
    "receivedKBytesPerSec" : 0.0,
    "sentKBytesPerSec" : 0.0
  },
  "external devices" : {
    "transaction" : "external devices",
    "sampleCount" : 10,
    "errorCount" : 0,
    "errorPct" : 0.0,
    "meanResTime" : 6588.9,
    "medianResTime" : 6491.0,
    "minResTime" : 6306.0,
    "maxResTime" : 7768.0,
    "pct1ResTime" : 7647.5,
    "pct2ResTime" : 7768.0,
    "pct3ResTime" : 7768.0,
    "throughput" : 1.1522064754003918,
    "receivedKBytesPerSec" : 0.5749780360640626,
    "sentKBytesPerSec" : 0.5130919460767369
  },
  "get-employer/solera" : {
    "transaction" : "get-employer/solera",
    "sampleCount" : 10,
    "errorCount" : 0,
    "errorPct" : 0.0,
    "meanResTime" : 3622.2000000000003,
    "medianResTime" : 3683.0,
    "minResTime" : 2932.0,
    "maxResTime" : 4199.0,
    "pct1ResTime" : 4175.3,
    "pct2ResTime" : 4199.0,
    "pct3ResTime" : 4199.0,
    "throughput" : 2.089427496865859,
    "receivedKBytesPerSec" : 17.062297586711242,
    "sentKBytesPerSec" : 0.31423030714584205
  },
  "check-eligibility" : {
    "transaction" : "check-eligibility",
    "sampleCount" : 10,
    "errorCount" : 10,
    "errorPct" : 100.0,
    "meanResTime" : 29567.899999999998,
    "medianResTime" : 29575.5,
    "minResTime" : 29501.0,
    "maxResTime" : 29606.0,
    "pct1ResTime" : 29605.4,
    "pct2ResTime" : 29606.0,
    "pct3ResTime" : 29606.0,
    "throughput" : 0.32622170026750175,
    "receivedKBytesPerSec" : 0.16279227425458342,
    "sentKBytesPerSec" : 0.26569228322568017
  },
  "create-order" : {
    "transaction" : "create-order",
    "sampleCount" : 10,
    "errorCount" : 0,
    "errorPct" : 0.0,
    "meanResTime" : 560.4000000000001,
    "medianResTime" : 569.0,
    "minResTime" : 453.0,
    "maxResTime" : 639.0,
    "pct1ResTime" : 638.8,
    "pct2ResTime" : 639.0,
    "pct3ResTime" : 639.0,
    "throughput" : 6.557377049180328,
    "receivedKBytesPerSec" : 3.7897028688524594,
    "sentKBytesPerSec" : 71.00409836065575
  },
  "Total" : {
    "transaction" : "Total",
    "sampleCount" : 80,
    "errorCount" : 10,
    "errorPct" : 12.5,
    "meanResTime" : 5802.350000000001,
    "medianResTime" : 2247.5,
    "minResTime" : 2.0,
    "maxResTime" : 29606.0,
    "pct1ResTime" : 29554.9,
    "pct2ResTime" : 29579.85,
    "pct3ResTime" : 29606.0,
    "throughput" : 1.648498835747697,
    "receivedKBytesPerSec" : 2.3628349157204966,
    "sentKBytesPerSec" : 2.8118254677615444
  },
  "Create users" : {
    "transaction" : "Create users",
    "sampleCount" : 10,
    "errorCount" : 0,
    "errorPct" : 0.0,
    "meanResTime" : 4445.6,
    "medianResTime" : 4455.0,
    "minResTime" : 3978.0,
    "maxResTime" : 4770.0,
    "pct1ResTime" : 4765.4,
    "pct2ResTime" : 4770.0,
    "pct3ResTime" : 4770.0,
    "throughput" : 2.0938023450586263,
    "receivedKBytesPerSec" : 0.4661981783919598,
    "sentKBytesPerSec" : 1.7053038630653268
  },
  "get-solera-user/lookupkey" : {
    "transaction" : "get-solera-user/lookupkey",
    "sampleCount" : 10,
    "errorCount" : 0,
    "errorPct" : 0.0,
    "meanResTime" : 826.2,
    "medianResTime" : 805.5,
    "minResTime" : 633.0,
    "maxResTime" : 1131.0,
    "pct1ResTime" : 1117.8,
    "pct2ResTime" : 1131.0,
    "pct3ResTime" : 1131.0,
    "throughput" : 4.644681839294009,
    "receivedKBytesPerSec" : 4.594787796098467,
    "sentKBytesPerSec" : 0.8300554458894566
  },
  "BP" : {
    "transaction" : "BP",
    "sampleCount" : 10,
    "errorCount" : 0,
    "errorPct" : 0.0,
    "meanResTime" : 799.8,
    "medianResTime" : 626.0,
    "minResTime" : 200.0,
    "maxResTime" : 1563.0,
    "pct1ResTime" : 1559.0,
    "pct2ResTime" : 1563.0,
    "pct3ResTime" : 1563.0,
    "throughput" : 4.014452027298274,
    "receivedKBytesPerSec" : 2.0581907366519467,
    "sentKBytesPerSec" : 1.6622340425531914
  }
}